<?xml version="1.0" encoding="UTF-8"?>
<project-private xmlns="http://www.netbeans.org/ns/project-private/1">
    <editor-bookmarks xmlns="http://www.netbeans.org/ns/editor-bookmarks/2" lastBookmarkId="0"/>
    <open-files xmlns="http://www.netbeans.org/ns/projectui-open-files/2">
        <group>
            <file>file:/C:/Users/carlo/Documents/Proyecto%20Limonada/EstarBien-App/src/vista/PanelMedicamentos.java</file>
            <file>file:/C:/Users/carlo/Documents/Proyecto%20Limonada/EstarBien-App/src/modelo/Medicamento.java</file>
            <file>file:/C:/Users/carlo/Documents/Proyecto%20Limonada/EstarBien-App/src/modelo/ModTabMedicamentos.java</file>
        </group>
    </open-files>
</project-private>
